"district","party_dem","party_rep","party_npp","party_rin","party_lib","party_grn","party_con","party_ind","party_oth","party_unk","party_othertotal","party_total","per_dem","per_rep","per_other","lawmaker_name","lawmaker_party"
"1","19026","6811","3517","358","176","36","4","0","365","0","4456","30293","62.81%","22.48%","14.71%","Patrick Harkins","Democratic"
"2","19735","10401","3611","473","191","56","4","0","373","0","4708","34844","56.64%","29.85%","13.51%","Robert Merski","Democratic"
"3","20086","17608","4143","593","219","43","9","0","355","0","5362","43056","46.65%","40.90%","12.45%","Ryan Bizzarro","Democratic"
"4","14096","18019","3715","574","216","37","6","0","307","0","4855","36970","38.13%","48.74%","13.13%","Curtis Sonney","Republican"
"5","13191","20297","4577","438","255","45","5","5","319","0","5644","39132","33.71%","51.87%","14.42%","Barry Jozwiak","Republican"
"6","13407","20674","3670","601","205","36","6","13","219","0","4750","38831","34.53%","53.24%","12.23%","Bradley Roae","Republican"
"7","18252","14608","3849","505","156","40","6","2","394","0","4952","37812","48.27%","38.63%","13.10%","Mark Longietti","Democratic"
"8","9481","21866","3504","534","208","29","7","2","285","0","4569","35916","26.40%","60.88%","12.72%","Tim Bonner","Republican"
"9","15990","15761","3182","466","163","30","5","1","280","0","4127","35878","44.57%","43.93%","11.50%","Chris Sainato","Democratic"
"10","14097","15979","3371","465","224","37","5","1","680","0","4783","34859","40.44%","45.84%","13.72%","Aaron Bernstine","Republican"
"11","11795","20982","3732","599","249","30","10","1","306","0","4927","37704","31.28%","55.65%","13.07%","Marci Mustello","Republican"
"12","14645","27727","5786","669","267","22","8","4","329","0","7085","49457","29.61%","56.06%","14.33%","Daryl Metcalfe","Republican"
"13","14489","18700","5758","547","228","39","1","7","432","0","7012","40201","36.04%","46.52%","17.44%","John Lawrence","Republican"
"14","15436","20317","3540","552","210","29","6","2","934","0","5273","41026","37.62%","49.52%","12.85%","Jim Marshall","Republican"
"15","15236","19195","3133","484","182","25","6","6","804","0","4640","39071","39.00%","49.13%","11.88%","Joshua Kail","Republican"
"16","21211","13514","3690","467","226","31","3","4","922","0","5343","40068","52.94%","33.73%","13.33%","Robert Matzie","Democratic"
"17","11569","19880","3404","572","178","36","2","9","249","0","4450","35899","32.23%","55.38%","12.40%","Parke Wentling","Republican"
"18","18319","14856","4773","357","198","49","4","3","382","0","5766","38941","47.04%","38.15%","14.81%","K.C. Tomlinson","Republican"
"19","28742","3972","4316","412","158","61","2","4","686","0","5639","38353","74.94%","10.36%","14.70%","Jake Wheatley Jr.","Democratic"
"20","27551","9869","5007","592","290","59","2","6","477","0","6433","43853","62.83%","22.50%","14.67%","Emily Kinkead","Democratic"
"21","26227","10665","4732","566","251","70","4","11","372","0","6006","42898","61.14%","24.86%","14.00%","Sara Innamorato","Democratic"
"22","19820","5351","5757","295","154","32","6","1","615","0","6860","32031","61.88%","16.71%","21.42%","Peter Schweyer","Democratic"
"23","30650","5195","6792","454","210","63","3","2","796","0","8320","44165","69.40%","11.76%","18.84%","Dan Frankel","Democratic"
"24","35544","2835","4057","441","159","59","1","4","712","0","5433","43812","81.13%","6.47%","12.40%","Edward Gainey","Democratic"
"25","22614","12534","4188","604","174","40","6","5","379","0","5396","40544","55.78%","30.91%","13.31%","Brandon Markosek","Democratic"
"26","16021","19602","5925","497","263","48","2","6","399","0","7140","42763","37.46%","45.84%","16.70%","Timothy Hennessey","Republican"
"27","25837","8751","4408","458","213","53","8","9","467","0","5616","40204","64.26%","21.77%","13.97%","Daniel Deasy Jr.","Democratic"
"28","18895","21816","6885","711","257","39","6","6","322","0","8226","48937","38.61%","44.58%","16.81%","Rob Mercuri","Republican"
"29","18696","21015","6194","556","232","37","4","5","292","0","7320","47031","39.75%","44.68%","15.56%","Meghan Schroeder","Republican"
"30","21350","20027","5319","684","272","40","4","3","272","0","6594","47971","44.51%","41.75%","13.75%","Lori Mizgorski","Republican"
"31","21943","17650","8238","683","282","53","6","4","324","0","9590","49183","44.62%","35.89%","19.50%","Perry Warren","Democratic"
"32","27767","11767","4379","593","188","44","4","5","429","0","5642","45176","61.46%","26.05%","12.49%","Anthony DeLuca","Democratic"
"33","19607","13759","4220","556","224","39","4","4","388","0","5435","38801","50.53%","35.46%","14.01%","Carrie DelRosso","Republican"
"34","29650","7250","4170","490","203","59","7","2","481","0","5412","42312","70.07%","17.13%","12.79%","Summer Lee","Democratic"
"35","24365","8188","3389","447","167","35","7","7","487","0","4539","37092","65.69%","22.07%","12.24%","Austin Davis","Democratic"
"36","25418","9268","4888","500","264","61","7","4","463","0","6187","40873","62.19%","22.68%","15.14%","Jessica Benham","Democratic"
"37","9394","24829","4658","548","261","36","5","1","266","0","5775","39998","23.49%","62.08%","14.44%","Mindy Fee","Republican"
"38","24310","13844","4419","541","210","48","1","2","342","0","5563","43717","55.61%","31.67%","12.73%","Nick Pisciottano Jr.","Democratic"
"39","18737","18862","4083","504","213","26","9","9","236","0","5080","42679","43.90%","44.20%","11.90%","Michael Puskaric","Republican"
"40","18674","22721","5347","594","246","38","2","12","267","0","6506","47901","38.98%","47.43%","13.58%","Natalie Mihalek","Republican"
"41","16169","22022","5986","718","270","55","9","3","304","0","7345","45536","35.51%","48.36%","16.13%","Brett Miller","Republican"
"42","24027","12435","5123","586","244","62","3","11","296","0","6325","42787","56.15%","29.06%","14.78%","Dan Miller","Democratic"
"43","12182","20989","5311","587","210","43","2","1","287","0","6441","39612","30.75%","52.99%","16.26%","Keith Greiner","Republican"
"44","20050","19588","5799","609","259","33","3","12","345","0","7060","46698","42.94%","41.95%","15.12%","Valerie Gaydos","Republican"
"45","24639","13549","4534","548","260","34","1","12","337","0","5726","43914","56.11%","30.85%","13.04%","Anita Astorino Kulik","Democratic"
"46","20516","19841","5062","520","236","23","11","14","331","0","6197","46554","44.07%","42.62%","13.31%","Jason Ortitay","Republican"
"47","14199","21027","5422","496","317","50","9","3","254","0","6551","41777","33.99%","50.33%","15.68%","Keith Gillespie","Republican"
"48","18748","17619","4083","497","212","39","8","20","347","0","5206","41573","45.10%","42.38%","12.52%","Timothy O'Neal","Republican"
"49","16904","13612","2805","349","151","29","3","9","306","0","3652","34168","49.47%","39.84%","10.69%","Bud Cook","Republican"
"50","15760","14079","2282","354","121","39","2","2","234","0","3034","32873","47.94%","42.83%","9.23%","Pam Snyder","Democratic"
"51","15505","16599","2837","350","126","21","7","13","223","0","3577","35681","43.45%","46.52%","10.02%","Matthew Dowling","Republican"
"52","15526","17301","2675","395","160","21","4","6","268","0","3529","36356","42.71%","47.59%","9.71%","Ryan Warner","Republican"
"53","17633","16924","5736","461","280","44","1","1","472","0","6995","41552","42.44%","40.73%","16.83%","Steven Malagari","Democratic"
"54","16451","20831","4340","584","250","24","4","5","266","0","5473","42755","38.48%","48.72%","12.80%","Robert Brooks","Republican"
"55","14459","17811","3622","490","231","38","4","5","305","0","4695","36965","39.12%","48.18%","12.70%","Jason Silvis","Republican"
"56","17030","22000","4050","589","258","19","6","1","287","0","5210","44240","38.49%","49.73%","11.78%","George Dunbar","Republican"
"57","16523","19437","3790","537","214","32","8","4","371","0","4956","40916","40.38%","47.50%","12.11%","Eric Nelson","Republican"
"58","17720","17108","3405","439","197","23","3","1","338","0","4406","39234","45.16%","43.61%","11.23%","Eric Davanzo","Republican"
"59","14005","23046","3609","536","204","22","8","4","267","0","4650","41701","33.58%","55.26%","11.15%","Leslie Baum Rossi","Republican"
"60","11671","22454","3328","530","218","29","10","1","216","0","4332","38457","30.35%","58.39%","11.26%","Abby Major","Republican"
"61","21246","17622","6142","557","202","28","4","1","376","0","7310","46178","46.01%","38.16%","15.83%","Liz Hanbidge","Democratic"
"62","12346","17461","3581","356","192","35","6","4","212","0","4386","34193","36.11%","51.07%","12.83%","James Struzzi II","Republican"
"63","8773","21216","2628","540","141","19","9","7","255","0","3599","33588","26.12%","63.17%","10.72%","Donna Oberlander","Republican"
"64","9688","20431","3389","606","209","33","6","0","104","0","4347","34466","28.11%","59.28%","12.61%","R. Lee James","Republican"
"65","10310","20366","3138","1248","155","41","18","4","307","0","4911","35587","28.97%","57.23%","13.80%","Kathy Rapp","Republican"
"66","8534","23719","2880","433","169","22","5","2","253","0","3764","36017","23.69%","65.86%","10.45%","Brian Smith","Republican"
"67","8464","23090","3378","542","221","40","16","4","305","0","4506","36060","23.47%","64.03%","12.50%","Martin Causer","Republican"
"68","7513","23244","3235","511","183","40","11","5","297","0","4282","35039","21.44%","66.34%","12.22%","Clint Owlett","Republican"
"69","9851","25582","2935","441","161","27","4","2","69","0","3639","39072","25.21%","65.47%","9.31%","Carl Metzgar","Republican"
"70","21043","11433","4631","419","171","53","3","1","449","0","5727","38203","55.08%","29.93%","14.99%","Matthew Bradford","Democratic"
"71","16481","16794","3198","490","146","38","3","3","167","0","4045","37320","44.16%","45.00%","10.84%","James Rigby","Republican"
"72","14945","18311","2788","531","155","18","1","1","139","0","3633","36889","40.51%","49.64%","9.85%","Frank Burns","Democratic"
"73","12124","19314","2806","443","158","21","2","6","295","0","3731","35169","34.47%","54.92%","10.61%","Thomas Sankey","Republican"
"74","20962","12271","5540","469","227","53","5","6","497","0","6797","40030","52.37%","30.65%","16.98%","Dan Williams","Democratic"
"75","12481","22404","3438","438","180","37","5","10","326","0","4434","39319","31.74%","56.98%","11.28%","Mike Armanini","Republican"
"76","10689","18827","3352","431","164","38","3","12","200","0","4200","33716","31.70%","55.84%","12.46%","Stephanie Borowicz","Republican"
"77","17429","10631","5276","414","272","50","3","6","1634","0","7655","35715","48.80%","29.77%","21.43%","H. Scott Conklin","Democratic"
"78","7790","27847","2961","484","185","26","5","6","324","0","3991","39628","19.66%","70.27%","10.07%","Jesse Topper","Republican"
"79","11499","19022","3820","498","186","46","2","5","240","0","4797","35318","32.56%","53.86%","13.58%","Louis Schmitt Jr.","Republican"
"80","8547","26455","3348","517","174","28","5","4","179","0","4255","39257","21.77%","67.39%","10.84%","James Gregory","Republican"
"81","11746","23368","3716","492","194","42","9","1","266","0","4720","39834","29.49%","58.66%","11.85%","Richard Irvin","Republican"
"82","8117","23097","2981","451","167","37","9","3","222","0","3870","35084","23.14%","65.83%","11.03%","Johnathan Hershey","Republican"
"83","11797","17989","3838","515","196","37","2","3","415","0","5006","34792","33.91%","51.70%","14.39%","Jeff Wheeland","Republican"
"84","7953","24443","3380","487","173","28","6","2","316","0","4392","36788","21.62%","66.44%","11.94%","Joe Hamm","Republican"
"85","9901","21592","4215","512","198","41","11","7","349","0","5333","36826","26.89%","58.63%","14.48%","David Rowe","Republican"
"86","9022","24090","3967","558","257","40","3","3","352","0","5180","38292","23.56%","62.91%","13.53%","Perry Stambaugh","Republican"
"87","17923","23508","6531","701","269","60","5","5","412","0","7983","49414","36.27%","47.57%","16.16%","Greg Rothman","Republican"
"88","15652","20701","5461","678","275","75","5","8","362","0","6864","43217","36.22%","47.90%","15.88%","Sheryl Delozier","Republican"
"89","11299","22901","4361","578","214","37","4","9","498","0","5701","39901","28.32%","57.39%","14.29%","Rob Kauffman","Republican"
"90","8915","25465","4466","635","205","35","4","11","462","0","5818","40198","22.18%","63.35%","14.47%","Paul Schemel","Republican"
"91","12126","23067","5488","618","280","54","8","2","466","0","6916","42109","28.80%","54.78%","16.42%","Dan Moul","Republican"
"92","11195","26393","5236","570","281","49","6","2","277","0","6421","44009","25.44%","59.97%","14.59%","Dawn Keefer","Republican"
"93","12632","23470","5344","646","310","44","10","7","274","0","6635","42737","29.56%","54.92%","15.53%","Mike Jones","Republican"
"94","11301","22239","4942","543","275","51","11","0","271","0","6093","39633","28.51%","56.11%","15.37%","Stanley Saylor","Republican"
"95","19866","9353","5977","415","222","63","1","2","446","0","7126","36345","54.66%","25.73%","19.61%","Carol Hill-Evans","Democratic"
"96","22104","7106","6088","484","246","85","5","4","547","0","7459","36669","60.28%","19.38%","20.34%","P. Michael Sturla","Democratic"
"97","16845","24045","6461","716","274","43","9","2","293","0","7798","48688","34.60%","49.39%","16.02%","Steven Mentzer","Republican"
"98","12238","21661","5114","540","307","65","8","7","315","0","6356","40255","30.40%","53.81%","15.79%","David Hickernell","Republican"
"99","7673","21595","4289","432","232","56","2","1","246","0","5258","34526","22.22%","62.55%","15.23%","David H. Zimmerman","Republican"
"100","7781","20390","4007","486","195","50","7","1","252","0","4998","33169","23.46%","61.47%","15.07%","Bryan Cutler","Republican"
"101","14551","21415","5690","576","249","39","3","7","519","0","7083","43049","33.80%","49.75%","16.45%","Francis Ryan","Republican"
"102","10003","24053","4398","523","233","39","3","5","287","0","5488","39544","25.30%","60.83%","13.88%","Russell Diamond","Republican"
"103","26302","5933","4830","410","166","57","3","3","648","0","6117","38352","68.58%","15.47%","15.95%","Patty Kim","Democratic"
"104","17564","20727","4729","602","238","40","5","1","311","0","5926","44217","39.72%","46.88%","13.40%","Susan Helm","Republican"
"105","19054","21357","5825","664","216","51","5","5","360","0","7126","47537","40.08%","44.93%","14.99%","Andrew Lewis","Republican"
"106","16665","18828","5788","550","251","51","3","3","370","0","7016","42509","39.20%","44.29%","16.50%","Thomas Mehaffie","Republican"
"107","13642","18342","3832","529","193","40","7","4","320","0","4925","36909","36.96%","49.70%","13.34%","Kurt Masser","Republican"
"108","9864","21784","3959","605","227","60","15","2","300","0","5168","36816","26.79%","59.17%","14.04%","Lynda Schlegel Culver","Republican"
"109","11593","17559","4139","509","225","38","5","2","225","0","5143","34295","33.80%","51.20%","15.00%","David Millard","Republican"
"110","8553","20621","3103","531","221","40","8","11","325","0","4239","33413","25.60%","61.72%","12.69%","Tina Pickett","Republican"
"111","10115","21794","3858","618","160","51","21","2","334","0","5044","36953","27.37%","58.98%","13.65%","Jonathan Fritz","Republican"
"112","26162","9887","3223","452","156","39","9","1","162","0","4042","40091","65.26%","24.66%","10.08%","Kyle Mullins","Democratic"
"113","23355","10342","3672","475","162","56","6","1","165","0","4537","38234","61.08%","27.05%","11.87%","Thom Welby","Democratic"
"114","23095","15688","3388","577","192","56","4","2","158","0","4377","43160","53.51%","36.35%","10.14%","Bridget Malloy Kosierowski","Democratic"
"115","20233","10331","5935","602","207","51","6","15","542","0","7358","37922","53.35%","27.24%","19.40%","Maureen Madden","Democratic"
"116","13317","17083","3649","496","162","44","3","1","309","0","4664","35064","37.98%","48.72%","13.30%","Tarah Toohil","Republican"
"117","12293","22028","3291","704","190","45","7","0","254","0","4491","38812","31.67%","56.76%","11.57%","Karen Boback","Republican"
"118","21746","15653","3414","521","178","38","7","5","247","0","4410","41809","52.01%","37.44%","10.55%","Mike Carroll","Democratic"
"119","17452","14706","3631","608","185","46","3","2","338","0","4813","36971","47.20%","39.78%","13.02%","Gerald Mullery","Democratic"
"120","19143","15632","3549","589","227","57","3","1","259","0","4685","39460","48.51%","39.61%","11.87%","Aaron Kaufer","Republican"
"121","18609","10414","3454","496","155","63","4","0","442","0","4614","33637","55.32%","30.96%","13.72%","Eddie Day Pashinski","Democratic"
"122","14013","18925","4536","773","215","32","14","3","355","0","5928","38866","36.05%","48.69%","15.25%","Doyle Heffley","Republican"
"123","12623","14205","2965","364","143","48","2","2","354","0","3878","30706","41.11%","46.26%","12.63%","Tim Twardzik","Republican"
"124","11543","21604","3991","578","214","54","7","0","339","0","5183","38330","30.11%","56.36%","13.52%","Jerry Knowles","Republican"
"125","10087","22727","3550","478","219","36","5","4","327","0","4619","37433","26.95%","60.71%","12.34%","Joe Kerwin","Republican"
"126","21444","9625","5174","311","206","65","7","2","544","0","6309","37378","57.37%","25.75%","16.88%","Mark Rozzi","Democratic"
"127","19233","4270","4916","143","158","51","2","1","714","0","5985","29488","65.22%","14.48%","20.30%","Manuel Guzman","Democratic"
"128","15908","20910","5414","465","257","58","3","3","340","0","6540","43358","36.69%","48.23%","15.08%","Mark Gillen","Republican"
"129","15992","20669","5194","433","266","52","5","3","358","0","6311","42972","37.21%","48.10%","14.69%","Jim Cox","Republican"
"130","15343","20834","5577","487","297","59","4","0","344","0","6768","42945","35.73%","48.51%","15.76%","David Maloney","Republican"
"131","18429","21226","6819","654","316","58","6","2","323","0","8178","47833","38.53%","44.38%","17.10%","Milou Mackenzie","Republican"
"132","21181","8507","5758","397","190","35","3","1","506","0","6890","36578","57.91%","23.26%","18.84%","Michael Schlossberg","Democratic"
"133","20930","11355","5482","517","224","52","6","2","302","0","6585","38870","53.85%","29.21%","16.94%","Jeanne McNeill","Democratic"
"134","17492","19620","6054","645","244","46","9","2","276","0","7276","44388","39.41%","44.20%","16.39%","Ryan Mackenzie","Republican"
"135","23337","9939","6993","482","233","51","5","3","436","0","8203","41479","56.26%","23.96%","19.78%","Steve Samuelson","Democratic"
"136","20472","11900","6758","579","217","65","2","1","436","0","8058","40430","50.64%","29.43%","19.93%","Robert Freeman","Democratic"
"137","17667","18676","7240","747","278","55","10","6","367","0","8703","45046","39.22%","41.46%","19.32%","Joe Emrick","Republican"
"138","18749","20701","7286","751","291","52","13","6","352","0","8751","48201","38.90%","42.95%","18.16%","Ann Flood","Republican"
"139","12490","22880","6510","948","267","71","46","2","477","0","8321","43691","28.59%","52.37%","19.05%","Michael Peifer","Republican"
"140","22164","11690","5132","459","234","50","5","3","407","0","6290","40144","55.21%","29.12%","15.67%","John Galloway","Democratic"
"141","20491","12056","5006","412","232","48","4","2","441","0","6145","38692","52.96%","31.16%","15.88%","Tina Davis","Democratic"
"142","19682","20910","5749","546","224","40","3","5","332","0","6899","47491","41.44%","44.03%","14.53%","Frank Farry","Republican"
"143","18612","21513","7060","697","320","77","3","10","324","0","8491","48616","38.28%","44.25%","17.47%","Shelby Labs","Republican"
"144","17513","21095","6439","579","240","61","5","1","342","0","7667","46275","37.85%","45.59%","16.57%","F. Todd Polinchock","Republican"
"145","15453","20551","6090","558","320","63","6","3","345","0","7385","43389","35.62%","47.36%","17.02%","Craig Staats","Republican"
"146","18344","16684","5996","515","255","53","3","1","415","0","7238","42266","43.40%","39.47%","17.12%","Joseph Ciresi","Democratic"
"147","16041","21312","6121","514","320","54","9","0","363","0","7381","44734","35.86%","47.64%","16.50%","Tracy Pennycuick","Republican"
"148","28033","14600","6095","484","231","50","0","1","404","0","7265","49898","56.18%","29.26%","14.56%","Mary Jo Daley","Democratic"
"149","25524","13118","6283","489","208","53","3","0","506","0","7542","46184","55.27%","28.40%","16.33%","Tim Briggs","Democratic"
"150","18143","17446","5978","510","246","43","2","0","369","0","7148","42737","42.45%","40.82%","16.73%","Joseph Webster","Democratic"
"151","19948","17166","6025","466","183","36","0","0","406","0","7116","44230","45.10%","38.81%","16.09%","Todd Stephens","Republican"
"152","21573","16854","5696","462","240","51","4","2","396","0","6851","45278","47.65%","37.22%","15.13%","Nancy Guenst","Democratic"
"153","27190","13204","5180","434","244","64","1","1","410","0","6334","46728","58.19%","28.26%","13.56%","Ben Sanchez","Democratic"
"154","30760","8174","4404","410","145","51","1","0","351","0","5362","44296","69.44%","18.45%","12.10%","Napoleon Nelson","Democratic"
"155","20372","20030","7978","530","248","50","3","5","407","0","9221","49623","41.05%","40.36%","18.58%","Danielle Friel Otten","Democratic"
"156","17875","18827","6161","555","239","35","2","5","473","0","7470","44172","40.47%","42.62%","16.91%","Dianne Herrin","Democratic"
"157","20218","15933","7221","519","261","56","1","5","358","0","8421","44572","45.36%","35.75%","18.89%","Melissa Shusterman","Democratic"
"158","17043","17556","6571","520","223","60","2","7","399","0","7782","42381","40.21%","41.42%","18.36%","Christina Sappey","Democratic"
"159","22192","9471","3143","253","101","34","2","5","802","0","4340","36003","61.64%","26.31%","12.05%","Brian Kirkland","Democratic"
"160","17192","21064","6089","561","165","38","0","3","403","0","7259","45515","37.77%","46.28%","15.95%","Craig Williams","Republican"
"161","19780","20608","5069","439","200","39","2","3","515","0","6267","46655","42.40%","44.17%","13.43%","Leanne Krueger-Braneky","Democratic"
"162","18124","18325","3832","362","171","29","5","5","527","0","4931","41380","43.80%","44.28%","11.92%","David Delloso","Democratic"
"163","20796","16598","4351","367","164","40","1","10","497","0","5430","42824","48.56%","38.76%","12.68%","Michael Zabel","Democratic"
"164","26505","5011","3201","260","108","35","2","0","664","0","4270","35786","74.07%","14.00%","11.93%","Vacant",""
"165","17776","22086","5126","380","149","23","7","4","434","0","6123","45985","38.66%","48.03%","13.32%","Jennifer O'Mara","Democratic"
"166","25106","13929","5802","415","174","61","0","4","661","0","7117","46152","54.40%","30.18%","15.42%","Gregory Vitali","Democratic"
"167","19950","18898","7543","525","240","51","2","8","384","0","8753","47601","41.91%","39.70%","18.39%","Kristine Howard","Democratic"
"168","19352","22453","5738","478","205","48","3","4","480","0","6956","48761","39.69%","46.05%","14.27%","Christopher Quinn","Republican"
"169","11474","24506","5704","588","307","41","10","2","289","0","6941","42921","26.73%","57.10%","16.17%","Kate Klunk","Republican"
"170","20386","11415","4350","286","128","50","2","4","442","0","5262","37063","55.00%","30.80%","14.20%","Martina White","Republican"
"171","15957","22181","5175","563","245","44","8","3","403","0","6441","44579","35.79%","49.76%","14.45%","Kerry Benninghoff","Republican"
"172","21399","9457","3751","292","137","34","0","7","429","0","4650","35506","60.27%","26.63%","13.10%","Kevin Boyle","Democratic"
"173","21919","8264","3206","261","137","27","1","1","456","0","4089","34272","63.96%","24.11%","11.93%","Michael Driscoll","Democratic"
"174","21648","8640","3941","253","133","43","3","7","430","0","4810","35098","61.68%","24.62%","13.70%","Ed Neilson","Democratic"
"175","32681","5453","6228","378","190","78","2","5","622","0","7503","45637","71.61%","11.95%","16.44%","Mary Isaacson","Democratic"
"176","15761","15642","6370","738","261","57","26","14","478","0","7944","39347","40.06%","39.75%","20.19%","Jack Rader","Republican"
"177","22092","8956","3720","243","142","60","0","6","488","0","4659","35707","61.87%","25.08%","13.05%","Joseph Hohenstein","Democratic"
"178","19058","21796","6834","559","260","34","2","6","276","0","7971","48825","39.03%","44.64%","16.33%","Wendi Thomas","Republican"
"179","28081","2704","3529","211","85","43","3","3","693","0","4567","35352","79.43%","7.65%","12.92%","Jason Dawkins","Democratic"
"180","24014","2747","3927","160","73","40","1","3","682","0","4886","31647","75.88%","8.68%","15.44%","Angel Cruz","Democratic"
"181","35233","2408","4334","321","153","72","0","3","742","0","5625","43266","81.43%","5.57%","13.00%","Malcolm Kenyatta","Democratic"
"182","35857","5477","6532","420","195","65","0","5","578","0","7795","49129","72.99%","11.15%","15.87%","Brian Sims","Democratic"
"183","17094","18720","5695","617","243","48","5","3","275","0","6886","42700","40.03%","43.84%","16.13%","Zachary Mako","Republican"
"184","26497","5915","3767","225","157","49","5","6","417","0","4626","37038","71.54%","15.97%","12.49%","Elizabeth Fiedler","Democratic"
"185","30758","5754","3133","288","103","39","0","2","553","0","4118","40630","75.70%","14.16%","10.14%","Regina Young","Democratic"
"186","36548","3532","4532","324","139","59","1","11","649","0","5715","45795","79.81%","7.71%","12.48%","Jordan Harris","Democratic"
"187","15990","20043","6255","587","253","64","15","4","308","0","7486","43519","36.74%","46.06%","17.20%","Gary Day","Republican"
"188","33709","1932","4384","273","110","80","0","1","934","0","5782","41423","81.38%","4.66%","13.96%","Rick Krajewski","Democratic"
"189","16879","14641","6508","717","214","41","8","7","531","0","8026","39546","42.68%","37.02%","20.30%","Rosemary Brown","Republican"
"190","38702","1640","3268","309","92","62","0","5","748","0","4484","44826","86.34%","3.66%","10.00%","Amen Brown","Democratic"
"191","33552","1628","2561","231","61","31","1","3","700","0","3588","38768","86.55%","4.20%","9.26%","Joanna McClinton","Democratic"
"192","36988","1547","2715","278","50","25","1","2","684","0","3755","42290","87.46%","3.66%","8.88%","Morgan Cephas","Democratic"
"193","10351","23815","4658","519","211","46","6","4","291","0","5735","39901","25.94%","59.69%","14.37%","Torren Ecker","Republican"
"194","30603","7534","5412","382","222","65","2","8","440","0","6531","44668","68.51%","16.87%","14.62%","Pamela DeLissio","Democratic"
"195","37215","2491","3984","294","126","62","1","3","721","0","5191","44897","82.89%","5.55%","11.56%","Donna Bullock","Democratic"
"196","12477","23461","4991","542","250","46","10","1","256","0","6096","42034","29.68%","55.81%","14.50%","Seth Grove","Republican"
"197","31618","2126","3742","188","84","38","0","4","748","0","4804","38548","82.02%","5.52%","12.46%","Danilo Burgos","Democratic"
"198","37047","1577","2824","235","73","56","4","6","680","0","3878","42502","87.17%","3.71%","9.12%","Darisha Parker","Democratic"
"199","14953","21350","5605","713","275","63","4","0","463","0","7123","43426","34.43%","49.16%","16.40%","Barbara Gleim","Republican"
"200","41201","1750","2993","289","88","49","1","5","346","0","3771","46722","88.18%","3.75%","8.07%","Christopher Rabb","Democratic"
"201","35355","1310","2603","205","84","42","3","6","539","0","3482","40147","88.06%","3.26%","8.67%","Stephen Kinsey","Democratic"
"202","23482","3850","3507","182","73","43","1","2","480","0","4288","31620","74.26%","12.18%","13.56%","Jared Solomon","Democratic"
"203","34974","1742","2824","185","64","32","2","3","510","0","3620","40336","86.71%","4.32%","8.97%","Isabella Fitzgerald","Democratic"